{
	"name": "Mini-Overdrive",
	"description": "A very cheap overdrive projector.",
	"type": "OverdriveProjector",
	"health": 75,
	"size": 1,
	"range": 28,
    "consumes": { 
        "power": 1,
        "items": {
			"items": [ {"item": "silicon", "amount": 1} ],
			"booster": true,
			"optional": true
        } 
    },
    "speedBoost": 1.3,
    "speedBoostPhase": 0.3,
    "phaseRangeBoost": 20,
	"requirements": [
		{ "item": "copper", "amount": 50 },
		{ "item": "lead", "amount": 50 },
        		{ "item": "silicon", "amount": 25 }
	],
	"category": "effect",
	"research": "overdrive-projector"
}